aardvark-dns	1.14.0-3	arm64
adduser	3.152	all
apt	3.0.3	arm64
arch-test	0.22-1	all
autoconf	2.72-3.1	all
automake	1:1.17-4	all
autopoint	0.23.1-2	all
autotools-dev	20240727.1	all
base-files	13.8+deb13u6	arm64
base-passwd	3.6.7	arm64
bash	5.2.37-2+b9	arm64
bash-completion	1:2.16.0-7	all
binutils	2.44-3	arm64
binutils-aarch64-linux-gnu	2.44-3	arm64
binutils-common	2.44-3	arm64
bsdutils	1:2.41.5-0+deb13u1	arm64
btrfs-progs	6.14-1	arm64
build-essential	12.12	arm64
buildah	1.39.3+ds1-1+b7	arm64
bzip2	1.0.8-6	arm64
ca-certificates	20250419	all
catatonit	0.2.1-2+b13	arm64
conmon	2.1.12-4	arm64
containernetworking-plugins	1.1.1+ds1-3+b17	arm64
containers-storage	1.57.2+ds1-1+b2	arm64
coreutils	9.7-3	arm64
cpio	2.15+dfsg-2	arm64
cpp	4:14.2.0-1	arm64
cpp-14	14.2.0-19	arm64
cpp-14-aarch64-linux-gnu	14.2.0-19	arm64
cpp-aarch64-linux-gnu	4:14.2.0-1	arm64
criu	4.1.1-1	arm64
crun	1.21-1	arm64
cryptsetup	2:2.7.5-2	arm64
cryptsetup-bin	2:2.7.5-2	arm64
curl	8.14.1-2+deb13u4	arm64
dash	0.5.12-12	arm64
dbus	1.16.2-2	arm64
dbus-bin	1.16.2-2	arm64
dbus-daemon	1.16.2-2	arm64
dbus-session-bus-common	1.16.2-2	all
dbus-system-bus-common	1.16.2-2	all
dbus-user-session	1.16.2-2	arm64
dctrl-tools	2.24-3+b1	arm64
debconf	1.5.91	all
debian-archive-keyring	2025.1	all
debianutils	5.23.2	arm64
diffutils	1:3.10-4	arm64
dirmngr	2.4.7-21+deb13u1+b4	arm64
distro-info-data	0.66+deb13u2	all
dmsetup	2:1.02.205-2	arm64
dosfstools	4.2-1.2	arm64
dpkg	1.22.22	arm64
dpkg-dev	1.22.22	all
dracut-install	106-6	arm64
e2fsprogs	1.47.2-3+b11	arm64
e2fsprogs-l10n	1.47.2-3	all
fakeroot	1.37.1.1-1	arm64
fdisk	2.41.5-0+deb13u1	arm64
file	1:5.46-5	arm64
findutils	4.10.0-3	arm64
flex	2.6.4-8.2+b4	arm64
fuse-overlayfs	1.14-1+b1	arm64
fuse3	3.17.2-3	arm64
g++	4:14.2.0-1	arm64
g++-14	14.2.0-19	arm64
g++-14-aarch64-linux-gnu	14.2.0-19	arm64
g++-aarch64-linux-gnu	4:14.2.0-1	arm64
gcc	4:14.2.0-1	arm64
gcc-14	14.2.0-19	arm64
gcc-14-aarch64-linux-gnu	14.2.0-19	arm64
gcc-14-base	14.2.0-19	arm64
gcc-aarch64-linux-gnu	4:14.2.0-1	arm64
gettext	0.23.1-2	arm64
gettext-base	0.23.1-2	arm64
git	1:2.47.3-0+deb13u1	arm64
git-man	1:2.47.3-0+deb13u1	all
gnupg	2.4.7-21+deb13u1	all
gnupg-l10n	2.4.7-21+deb13u1	all
gnupg-utils	2.4.7-21+deb13u1+b4	arm64
golang-github-containers-common	0.62.2+ds1-2	all
golang-github-containers-image	5.34.2-1	all
gpg	2.4.7-21+deb13u1+b4	arm64
gpg-agent	2.4.7-21+deb13u1+b4	arm64
gpg-wks-client	2.4.7-21+deb13u1+b4	arm64
gpgconf	2.4.7-21+deb13u1+b4	arm64
gpgsm	2.4.7-21+deb13u1+b4	arm64
gpgv	2.4.7-21+deb13u1+b4	arm64
grep	3.11-4+b1	arm64
gzip	1.13-1	arm64
hostname	3.25	arm64
init-system-helpers	1.69~deb13u1	all
initramfs-tools	0.148.4	all
initramfs-tools-bin	0.148.4	arm64
initramfs-tools-core	0.148.4	all
iproute2	6.15.0-1	arm64
iptables	1.8.11-2	arm64
javascript-common	12+nmu1	all
klibc-utils	2.0.14-1	arm64
kmod	34.2-2	arm64
libacl1	2.3.2-2+b1	arm64
libalgorithm-diff-perl	1.201-1	all
libalgorithm-diff-xs-perl	0.04-9	arm64
libalgorithm-merge-perl	0.08-5	all
libapparmor1	4.1.0-1	arm64
libapt-pkg7.0	3.0.3	arm64
libasan8	14.2.0-19	arm64
libassuan9	3.0.2-2	arm64
libatomic1	14.2.0-19	arm64
libattr1	1:2.5.2-3	arm64
libaudit-common	1:4.0.2-2	all
libaudit1	1:4.0.2-2+b2	arm64
libbinutils	2.44-3	arm64
libblkid1	2.41.5-0+deb13u1	arm64
libbpf1	1:1.5.0-3	arm64
libbrotli1	1.1.0-2+b7	arm64
libbsd0	0.12.2-2	arm64
libbz2-1.0	1.0.8-6	arm64
libc-bin	2.41-12+deb13u3	arm64
libc-dev-bin	2.41-12+deb13u3	arm64
libc6	2.41-12+deb13u3	arm64
libc6-dev	2.41-12+deb13u3	arm64
libcap-ng0	0.8.5-4+b1	arm64
libcap2	1:2.75-10+deb13u1+b1	arm64
libcap2-bin	1:2.75-10+deb13u1+b1	arm64
libcc1-0	14.2.0-19	arm64
libcom-err2	1.47.2-3+b11	arm64
libcompel1	4.1.1-1	arm64
libcriu2	4.1.1-1	arm64
libcrypt-dev	1:4.4.38-1	arm64
libcrypt1	1:4.4.38-1	arm64
libcryptsetup12	2:2.7.5-2	arm64
libctf-nobfd0	2.44-3	arm64
libctf0	2.44-3	arm64
libcurl3t64-gnutls	8.14.1-2+deb13u4	arm64
libcurl4t64	8.14.1-2+deb13u4	arm64
libdb5.3t64	5.3.28+dfsg2-9	arm64
libdbus-1-3	1.16.2-2	arm64
libdebconfclient0	0.280	arm64
libdevmapper1.02.1	2:1.02.205-2	arm64
libdistro-info-perl	1.13	all
libdpkg-perl	1.22.22	all
libedit2	3.1-20250104-1	arm64
libelf1t64	0.192-4	arm64
liberror-perl	0.17030-1	all
libexpat1	2.8.3-1~deb13u1	arm64
libexpat1-dev	2.8.3-1~deb13u1	arm64
libext2fs2t64	1.47.2-3+b11	arm64
libfakeroot	1.37.1.1-1	arm64
libfdisk1	2.41.5-0+deb13u1	arm64
libffi8	3.4.8-2	arm64
libfile-fcntllock-perl	0.22-4+b4	arm64
libfl-dev	2.6.4-8.2+b4	arm64
libfl2	2.6.4-8.2+b4	arm64
libfuse3-4	3.17.2-3	arm64
libgcc-14-dev	14.2.0-19	arm64
libgcc-s1	14.2.0-19	arm64
libgcrypt20	1.11.0-7+deb13u1	arm64
libgdbm-compat4t64	1.24-2	arm64
libgdbm6t64	1.24-2	arm64
libglib2.0-0t64	2.84.4-3~deb13u3	arm64
libglib2.0-data	2.84.4-3~deb13u3	all
libgmp10	2:6.3.0+dfsg-3	arm64
libgnutls30t64	3.8.9-3+deb13u4	arm64
libgomp1	14.2.0-19	arm64
libgpg-error-l10n	1.51-4	all
libgpg-error0	1.51-4	arm64
libgpgme11t64	1.24.2-3	arm64
libgprofng0	2.44-3	arm64
libgssapi-krb5-2	1.21.3-5+deb13u1	arm64
libhogweed6t64	3.10.1-1	arm64
libhwasan0	14.2.0-19	arm64
libidn2-0	2.3.8-2	arm64
libip4tc2	1.8.11-2	arm64
libip6tc2	1.8.11-2	arm64
libisl23	0.27-1	arm64
libitm1	14.2.0-19	arm64
libjansson4	2.14-2+b3	arm64
libjs-jquery	3.6.1+dfsg+~3.5.14-1	all
libjs-sphinxdoc	8.1.3-5	all
libjs-underscore	1.13.4~dfsg+~1.11.4-3	all
libjson-c5	0.18+ds-1	arm64
libk5crypto3	1.21.3-5+deb13u1	arm64
libkeyutils1	1.6.3-6	arm64
libklibc	2.0.14-1	arm64
libkmod2	34.2-2	arm64
libkrb5-3	1.21.3-5+deb13u1	arm64
libkrb5support0	1.21.3-5+deb13u1	arm64
libksba8	1.6.7-2+b1	arm64
liblastlog2-2	2.41.5-0+deb13u1	arm64
libldap2	2.6.10+dfsg-1	arm64
liblocale-gettext-perl	1.07-7+b1	arm64
liblsan0	14.2.0-19	arm64
libltdl-dev	2.5.4-4	arm64
libltdl7	2.5.4-4	arm64
liblz4-1	1.10.0-4	arm64
liblzma5	5.8.1-1+deb13u1	arm64
liblzo2-2	2.10-3+b1	arm64
libmagic-mgc	1:5.46-5	arm64
libmagic1t64	1:5.46-5	arm64
libmd0	1.1.0-2+b1	arm64
libmnl0	1.0.5-3	arm64
libmount1	2.41.5-0+deb13u1	arm64
libmpc3	1.3.1-1+b3	arm64
libmpfr6	4.2.2-1	arm64
libncursesw6	6.5+20250216-2	arm64
libnet1	1.3+dfsg-2	arm64
libnetfilter-conntrack3	1.1.0-1	arm64
libnettle8t64	3.10.1-1	arm64
libnfnetlink0	1.0.2-3	arm64
libnftables1	1.1.3-1	arm64
libnftnl11	1.2.9-1	arm64
libnghttp2-14	1.64.0-1.1+deb13u1	arm64
libnghttp3-9	1.8.0-1	arm64
libngtcp2-16	1.11.0-1+deb13u1	arm64
libngtcp2-crypto-gnutls8	1.11.0-1+deb13u1	arm64
libnl-3-200	3.7.0-2	arm64
libnpth0t64	1.8-3	arm64
libnss-systemd	257.13-1~deb13u1	arm64
libp11-kit0	0.25.5-3	arm64
libpam-cap	1:2.75-10+deb13u1+b1	arm64
libpam-modules	1.7.0-5	arm64
libpam-modules-bin	1.7.0-5	arm64
libpam-runtime	1.7.0-5	all
libpam-systemd	257.13-1~deb13u1	arm64
libpam0g	1.7.0-5	arm64
libpcre2-8-0	10.46-1~deb13u1	arm64
libperl5.40	5.40.1-6	arm64
libpkgconf3	1.8.1-4	arm64
libpopt0	1.19+dfsg-2	arm64
libprotobuf-c1	1.5.1-1	arm64
libprotobuf32t64	3.21.12-11+deb13u1	arm64
libpsl5t64	0.21.2-1.1+b1	arm64
libpython3-dev	3.13.5-1	arm64
libpython3-stdlib	3.13.5-1	arm64
libpython3.13	3.13.5-2+deb13u3	arm64
libpython3.13-dev	3.13.5-2+deb13u3	arm64
libpython3.13-minimal	3.13.5-2+deb13u3	arm64
libpython3.13-stdlib	3.13.5-2+deb13u3	arm64
libreadline8t64	8.2-6	arm64
libreiserfscore0t64	1:3.6.27-9	arm64
librtmp1	2.4+20151223.gitfa8646d.1-2+b5	arm64
libsasl2-2	2.1.28+dfsg1-9	arm64
libsasl2-modules-db	2.1.28+dfsg1-9	arm64
libseccomp2	2.6.0-2	arm64
libselinux1	3.8.1-1	arm64
libsemanage-common	3.8.1-1	all
libsemanage2	3.8.1-1	arm64
libsepol2	3.8.1-1	arm64
libsframe1	2.44-3	arm64
libslirp0	4.8.0-1+deb13u1	arm64
libsmartcols1	2.41.5-0+deb13u1	arm64
libsqlite3-0	3.46.1-7+deb13u1	arm64
libss2	1.47.2-3+b11	arm64
libssh2-1t64	1.11.1-1+deb13u1	arm64
libssl3t64	3.5.7-1~deb13u2	arm64
libstdc++-14-dev	14.2.0-19	arm64
libstdc++6	14.2.0-19	arm64
libsubid5	1:4.17.4-2	arm64
libsystemd-shared	257.13-1~deb13u1	arm64
libsystemd0	257.13-1~deb13u1	arm64
libtasn1-6	4.20.0-2+deb13u1	arm64
libtinfo6	6.5+20250216-2	arm64
libtirpc-common	1.3.6+ds-1	all
libtirpc3t64	1.3.6+ds-1	arm64
libtool	2.5.4-4	all
libtsan2	14.2.0-19	arm64
libubsan1	14.2.0-19	arm64
libudev1	257.13-1~deb13u1	arm64
libunistring5	1.3-2	arm64
libuuid1	2.41.5-0+deb13u1	arm64
libxml2	2.12.7+dfsg+really2.9.14-2.1+deb13u3	arm64
libxtables12	1.8.11-2	arm64
libxxhash0	0.8.3-2	arm64
libyajl2	2.1.0-5+b2	arm64
libyaml-0-2	0.2.5-2	arm64
libzstd1	1.5.7+dfsg-1	arm64
linux-base	4.12.1	all
linux-libc-dev	6.12.107-1	all
login	1:4.16.0-2+really2.41.5-0+deb13u1	arm64
login.defs	1:4.17.4-2	all
logsave	1.47.2-3+b11	arm64
m4	1.4.19-8	arm64
make	4.4.1-2	arm64
manpages	6.9.1-1	all
manpages-dev	6.9.1-1	all
mawk	1.3.4.20250131-1	arm64
media-types	13.0.0	all
mmdebstrap	1.5.7-1+deb13u1	all
mount	2.41.5-0+deb13u1	arm64
mtools	4.0.48-1	arm64
ncurses-base	6.5+20250216-2	all
ncurses-bin	6.5+20250216-2	arm64
netavark	1.14.0-2	arm64
netbase	6.5	all
nftables	1.1.3-1	arm64
openssl	3.5.7-1~deb13u2	arm64
openssl-provider-legacy	3.5.7-1~deb13u2	arm64
passt	0.0~git20250503.587980c-2+deb13u1	arm64
passwd	1:4.17.4-2	arm64
patch	2.8-2	arm64
perl	5.40.1-6	arm64
perl-base	5.40.1-6	arm64
perl-modules-5.40	5.40.1-6	all
pinentry-curses	1.3.1-2	arm64
pkgconf	1.8.1-4	arm64
pkgconf-bin	1.8.1-4	arm64
podman	5.4.2+ds1-2+b2	arm64
pv	1.9.31-1	arm64
python3	3.13.5-1	arm64
python3-arrow	1.3.0-1.1	all
python3-attr	25.3.0-1	all
python3-charset-normalizer	3.4.2-1	arm64
python3-dateutil	2.9.0-4	all
python3-debian	1.0.1	all
python3-dev	3.13.5-1	arm64
python3-fqdn	1.5.1-2	all
python3-idna	3.10-1+deb13u1	all
python3-isoduration	20.11.0+git20211126.ae0bd61-2	all
python3-json-pointer	2.4-3	all
python3-jsonschema	4.19.2-6	all
python3-jsonschema-specifications	2023.12.1-2	all
python3-minimal	3.13.5-1	arm64
python3-packaging	25.0-1	all
python3-pip	25.1.1+dfsg-1	all
python3-protobuf	3.21.12-11+deb13u1	arm64
python3-pycriu	4.1.1-1	all
python3-referencing	0.36.2-1	all
python3-rfc3339-validator	0.1.4-2	all
python3-rfc3986-validator	0.1.1-2	all
python3-rfc3987	1.3.8-3	all
python3-rpds-py	0.21.0-2+b1	arm64
python3-typeshed	0.0~git20241223.ea91db2-1	all
python3-uritemplate	4.1.1-3	all
python3-webcolors	1.13-1	all
python3-wheel	0.46.1-2	all
python3-yaml	6.0.2-1+b2	arm64
python3.13	3.13.5-2+deb13u3	arm64
python3.13-dev	3.13.5-2+deb13u3	arm64
python3.13-minimal	3.13.5-2+deb13u3	arm64
readline-common	8.2-6	all
rpcsvc-proto	1.4.3-1+b1	arm64
rsync	3.4.1+ds1-5+deb13u4	arm64
sed	4.9-2+deb13u1	arm64
sensible-utils	0.0.25	all
shared-mime-info	2.4-5+b2	arm64
slirp4netns	1.2.1-1.1	arm64
sq	1.3.1-2+b2	arm64
squashfs-tools	1:4.6.1-1+b1	arm64
sqv	1.3.0-3+b2	arm64
sudo	1.9.16p2-3+deb13u2	arm64
systemd	257.13-1~deb13u1	arm64
systemd-sysv	257.13-1~deb13u1	arm64
sysvinit-utils	3.14-4	arm64
tar	1.35+dfsg-3.1	arm64
tzdata	2026b-0+deb13u1	all
udev	257.13-1~deb13u1	arm64
uidmap	1:4.17.4-2	arm64
unzip	6.0-29+deb13u1	arm64
util-linux	2.41.5-0+deb13u1	arm64
uuid-runtime	2.41.5-0+deb13u1	arm64
xdg-user-dirs	0.18-2	arm64
xz-utils	5.8.1-1+deb13u1	arm64
zip	3.0-15+deb13u1	arm64
zlib1g	1:1.3.dfsg+really1.3.1-1+b1	arm64
zlib1g-dev	1:1.3.dfsg+really1.3.1-1+b1	arm64
